date,jornada,team,opponent,venue,category,source
2026-10-04,1,LA SALLE MONTEMOLIN,BOMBA BASKET,Fuera,2ªArg.M,2a-Mas-02(1).pdf
2026-10-04,1,LA SALLE MONTEMOLIN,C.B. VALDEFIERRO,Fuera,1ª Mas A2,A2-Mas-01B(1).pdf
2026-10-04,1,LA SALLE MONTEMOLIN 2,EM EL OLIVAR A,Fuera,CºJ.F.2ª,JF2a-03.pdf
2026-10-18,2,LA SALLE MONTEMOLIN,ESCOM-BROS,Casa,2ªArg.M,2a-Mas-02(1).pdf
2026-10-18,1,LA SALLE MONTEMOLIN,DOCTOR AZUA,Fuera,2ªArg.F,2a-Fem-02.pdf
2026-10-18,2,LA SALLE MONTEMOLIN,C.N. HELIOS,Casa,1ª Mas A2,A2-Mas-01B(1).pdf
2026-10-18,2,LA SALLE MONTEMOLIN 1,LYCEE FRANÇAIS MOLIERE,Fuera,CºJ.F.2ª,CoJF2a-02.pdf
2026-10-18,2,LA SALLE MONTEMOLIN 2,CB MONZON,Casa,CºJ.F.2ª,JF2a-03.pdf
2026-10-18,1,LA SALLE MONTEMOLIN F,O.G.P. MURGA SABIÑANIGO,Fuera,3ªArg.M.,3a-Mas-01.pdf
2026-10-18,1,LA SALLE MONTEMOLIN V,SANTA ISABEL DEPORTIVO,Casa,3ªArg.M.,3a-Mas-04.pdf
2026-10-25,3,LA SALLE MONTEMOLIN,C.B. FUENTES,Fuera,2ªArg.M,2a-Mas-02(1).pdf
2026-10-25,3,LA SALLE MONTEMOLIN,CB IMPERIAL ZARAGOZA,Fuera,1ª Mas A2,A2-Mas-01B(1).pdf
2026-10-25,3,LA SALLE MONTEMOLIN 1,STADIUM VENECIA 1,Fuera,CºJ.F.2ª,CoJF2a-02.pdf
2026-10-25,3,LA SALLE MONTEMOLIN 2,STADIUM CASABLANCA CFA,Fuera,CºJ.F.2ª,JF2a-03.pdf
2026-10-25,2,LA SALLE MONTEMOLIN F,ALFASA MAMBA TEAM,Casa,3ªArg.M.,3a-Mas-01.pdf
2026-10-25,2,LA SALLE MONTEMOLIN V,SANTO DOMINGO DE SILOS,Fuera,3ªArg.M.,3a-Mas-04.pdf
2026-11-08,4,LA SALLE MONTEMOLIN,BLACK LIONS A,Casa,2ªArg.M,2a-Mas-02(1).pdf
2026-11-08,3,LA SALLE MONTEMOLIN,ANTIGUO BOSCOS,Casa,2ªArg.F,2a-Fem-02.pdf
2026-11-08,4,LA SALLE MONTEMOLIN 1,MARIANISTAS B2,Casa,CºJ.F.2ª,CoJF2a-02.pdf
2026-11-08,4,LA SALLE MONTEMOLIN 2,STADIUM VENECIA 2,Fuera,CºJ.F.2ª,JF2a-03.pdf
2026-11-08,3,LA SALLE MONTEMOLIN F,TNT BOMBA BASKET,Casa,3ªArg.M.,3a-Mas-01.pdf
2026-11-08,3,LA SALLE MONTEMOLIN V,CBA-PANZER GRILL,Casa,3ªArg.M.,3a-Mas-04.pdf
2026-11-15,5,LA SALLE MONTEMOLIN,OLD SCHOOL BALONCESTO A,Fuera,2ªArg.M,2a-Mas-02(1).pdf
2026-11-15,4,LA SALLE MONTEMOLIN,STADIUM VENECIA,Fuera,2ªArg.F,2a-Fem-02.pdf
2026-11-15,5,LA SALLE MONTEMOLIN,TERUEL BASKET MUDEJAR,Casa,1ª Mas A2,A2-Mas-01B(1).pdf
2026-11-15,5,LA SALLE MONTEMOLIN 1,ST. CASABLANCA-PATATAS GOM,Fuera,CºJ.F.2ª,CoJF2a-02.pdf
2026-11-15,5,LA SALLE MONTEMOLIN 2,ESCOLAPIAS POMPILIANO,Casa,CºJ.F.2ª,JF2a-03.pdf
2026-11-15,4,LA SALLE MONTEMOLIN F,LYCEE FRANÇAIS MOLIERE BLA,Fuera,3ªArg.M.,3a-Mas-01.pdf
2026-11-15,4,LA SALLE MONTEMOLIN V,CARPINTERIA PINILLA CBC,Fuera,3ªArg.M.,3a-Mas-04.pdf
2026-11-22,6,LA SALLE MONTEMOLIN,REINO DE ARAGON,Casa,2ªArg.M,2a-Mas-02(1).pdf
2026-11-22,5,LA SALLE MONTEMOLIN,CB IMPERIAL ZARAGOZA,Casa,2ªArg.F,2a-Fem-02.pdf
2026-11-22,6,LA SALLE MONTEMOLIN,MUERDE LA PASTA ALIERTA,Fuera,1ª Mas A2,A2-Mas-01B(1).pdf
2026-11-22,6,LA SALLE MONTEMOLIN 2,EM EL OLIVAR A,Casa,CºJ.F.2ª,JF2a-03.pdf
2026-11-22,5,LA SALLE MONTEMOLIN F,BALONCESTO ZUERA,Casa,3ªArg.M.,3a-Mas-01.pdf
2026-11-22,5,LA SALLE MONTEMOLIN V,PIRINEOS SAGRADO CORAZON,Fuera,3ªArg.M.,3a-Mas-04.pdf
2026-11-29,7,LA SALLE MONTEMOLIN,A FARTALLA,Casa,2ªArg.M,2a-Mas-02(1).pdf
2026-11-29,6,LA SALLE MONTEMOLIN,MERCADO CENTRAL OSB,Fuera,2ªArg.F,2a-Fem-02.pdf
2026-11-29,7,LA SALLE MONTEMOLIN,DOCTOR AZUA,Casa,1ª Mas A2,A2-Mas-01B(1).pdf
2026-11-29,7,LA SALLE MONTEMOLIN 1,LYCEE FRANÇAIS MOLIERE,Casa,CºJ.F.2ª,CoJF2a-02.pdf
2026-11-29,7,LA SALLE MONTEMOLIN 2,CB MONZON,Fuera,CºJ.F.2ª,JF2a-03.pdf
2026-11-29,6,LA SALLE MONTEMOLIN F,RAYO MOSQUITO,Fuera,3ªArg.M.,3a-Mas-01.pdf
2026-12-13,8,LA SALLE MONTEMOLIN,STADIUM VENECIA,Fuera,2ªArg.M,2a-Mas-02(1).pdf
2026-12-13,7,LA SALLE MONTEMOLIN,BERAL CBFHUESCA LA MAGIA,Casa,2ªArg.F,2a-Fem-02.pdf
2026-12-13,8,LA SALLE MONTEMOLIN,CASER RESIDENCIAL ANFORA C,Fuera,1ª Mas A2,A2-Mas-01B(1).pdf
2026-12-13,8,LA SALLE MONTEMOLIN 1,STADIUM VENECIA 1,Casa,CºJ.F.2ª,CoJF2a-02.pdf
2026-12-13,8,LA SALLE MONTEMOLIN 2,STADIUM CASABLANCA CFA,Casa,CºJ.F.2ª,JF2a-03.pdf
2026-12-13,7,LA SALLE MONTEMOLIN F,LOS ZORROS,Casa,3ªArg.M.,3a-Mas-01.pdf
2026-12-13,7,LA SALLE MONTEMOLIN V,CAÑONEROS ALMOZARA,Fuera,3ªArg.M.,3a-Mas-04.pdf
2026-12-20,9,LA SALLE MONTEMOLIN,POLIDEPORTIVO ANDORRA,Casa,2ªArg.M,2a-Mas-02(1).pdf
2026-12-20,8,LA SALLE MONTEMOLIN,DOCTOR AZUA,Casa,2ªArg.F,2a-Fem-02.pdf
2026-12-20,9,LA SALLE MONTEMOLIN,EM EL OLIVAR,Casa,1ª Mas A2,A2-Mas-01B(1).pdf
2026-12-20,9,LA SALLE MONTEMOLIN 1,MARIANISTAS B2,Fuera,CºJ.F.2ª,CoJF2a-02.pdf
2026-12-20,9,LA SALLE MONTEMOLIN 2,STADIUM VENECIA 2,Casa,CºJ.F.2ª,JF2a-03.pdf
2026-12-20,8,LA SALLE MONTEMOLIN V,BASKET TARAZONA,Casa,3ªArg.M.,3a-Mas-04.pdf
2027-01-10,10,LA SALLE MONTEMOLIN,TERUEL BASKET MUDEJAR 2.0,Fuera,2ªArg.M,2a-Mas-02(1).pdf
2027-01-10,10,LA SALLE MONTEMOLIN,C.B. VALDEFIERRO,Casa,1ª Mas A2,A2-Mas-01B(1).pdf
2027-01-10,10,LA SALLE MONTEMOLIN 1,ST. CASABLANCA-PATATAS GOM,Casa,CºJ.F.2ª,CoJF2a-02.pdf
2027-01-10,10,LA SALLE MONTEMOLIN 2,ESCOLAPIAS POMPILIANO,Fuera,CºJ.F.2ª,JF2a-03.pdf
2027-01-10,9,LA SALLE MONTEMOLIN F,OLD SCHOOL BALONCESTO,Casa,3ªArg.M.,3a-Mas-01.pdf
2027-01-10,9,LA SALLE MONTEMOLIN V,LA MANON ANTIGUO BOSCOS,Fuera,3ªArg.M.,3a-Mas-04.pdf
2027-01-17,10,LA SALLE MONTEMOLIN,ANTIGUO BOSCOS,Fuera,2ªArg.F,2a-Fem-02.pdf
2027-01-17,11,LA SALLE MONTEMOLIN,C.N. HELIOS,Fuera,1ª Mas A2,A2-Mas-01B(1).pdf
2027-01-17,10,LA SALLE MONTEMOLIN F,O.G.P. MURGA SABIÑANIGO,Casa,3ªArg.M.,3a-Mas-01.pdf
2027-01-17,10,LA SALLE MONTEMOLIN V,SANTA ISABEL DEPORTIVO,Fuera,3ªArg.M.,3a-Mas-04.pdf
2027-01-24,12,LA SALLE MONTEMOLIN,BOMBA BASKET,Casa,2ªArg.M,2a-Mas-02(1).pdf
2027-01-24,11,LA SALLE MONTEMOLIN,STADIUM VENECIA,Casa,2ªArg.F,2a-Fem-02.pdf
2027-01-24,12,LA SALLE MONTEMOLIN,CB IMPERIAL ZARAGOZA,Casa,1ª Mas A2,A2-Mas-01B(1).pdf
2027-01-24,11,LA SALLE MONTEMOLIN F,ALFASA MAMBA TEAM,Fuera,3ªArg.M.,3a-Mas-01.pdf
2027-01-24,11,LA SALLE MONTEMOLIN V,SANTO DOMINGO DE SILOS,Casa,3ªArg.M.,3a-Mas-04.pdf
2027-02-07,13,LA SALLE MONTEMOLIN,ESCOM-BROS,Fuera,2ªArg.M,2a-Mas-02(1).pdf
2027-02-07,12,LA SALLE MONTEMOLIN,CB IMPERIAL ZARAGOZA,Fuera,2ªArg.F,2a-Fem-02.pdf
2027-02-07,12,LA SALLE MONTEMOLIN F,TNT BOMBA BASKET,Fuera,3ªArg.M.,3a-Mas-01.pdf
2027-02-07,12,LA SALLE MONTEMOLIN V,CBA-PANZER GRILL,Fuera,3ªArg.M.,3a-Mas-04.pdf
2027-02-14,14,LA SALLE MONTEMOLIN,C.B. FUENTES,Casa,2ªArg.M,2a-Mas-02(1).pdf
2027-02-14,13,LA SALLE MONTEMOLIN,MERCADO CENTRAL OSB,Casa,2ªArg.F,2a-Fem-02.pdf
2027-02-14,14,LA SALLE MONTEMOLIN,TERUEL BASKET MUDEJAR,Fuera,1ª Mas A2,A2-Mas-01B(1).pdf
2027-02-14,13,LA SALLE MONTEMOLIN F,LYCEE FRANÇAIS MOLIERE BLA,Casa,3ªArg.M.,3a-Mas-01.pdf
2027-02-14,13,LA SALLE MONTEMOLIN V,CARPINTERIA PINILLA CBC,Casa,3ªArg.M.,3a-Mas-04.pdf
2027-02-21,15,LA SALLE MONTEMOLIN,BLACK LIONS A,Fuera,2ªArg.M,2a-Mas-02(1).pdf
2027-02-21,14,LA SALLE MONTEMOLIN,BERAL CBFHUESCA LA MAGIA,Fuera,2ªArg.F,2a-Fem-02.pdf
2027-02-21,15,LA SALLE MONTEMOLIN,MUERDE LA PASTA ALIERTA,Casa,1ª Mas A2,A2-Mas-01B(1).pdf
2027-02-21,14,LA SALLE MONTEMOLIN F,BALONCESTO ZUERA,Fuera,3ªArg.M.,3a-Mas-01.pdf
2027-02-21,14,LA SALLE MONTEMOLIN V,PIRINEOS SAGRADO CORAZON,Casa,3ªArg.M.,3a-Mas-04.pdf
2027-02-28,16,LA SALLE MONTEMOLIN,OLD SCHOOL BALONCESTO A,Casa,2ªArg.M,2a-Mas-02(1).pdf
2027-02-28,16,LA SALLE MONTEMOLIN,DOCTOR AZUA,Fuera,1ª Mas A2,A2-Mas-01B(1).pdf
2027-02-28,15,LA SALLE MONTEMOLIN F,RAYO MOSQUITO,Casa,3ªArg.M.,3a-Mas-01.pdf
2027-03-14,17,LA SALLE MONTEMOLIN,REINO DE ARAGON,Fuera,2ªArg.M,2a-Mas-02(1).pdf
2027-03-14,17,LA SALLE MONTEMOLIN,CASER RESIDENCIAL ANFORA C,Casa,1ª Mas A2,A2-Mas-01B(1).pdf
2027-03-14,16,LA SALLE MONTEMOLIN F,LOS ZORROS,Fuera,3ªArg.M.,3a-Mas-01.pdf
2027-03-14,16,LA SALLE MONTEMOLIN V,CAÑONEROS ALMOZARA,Casa,3ªArg.M.,3a-Mas-04.pdf
2027-03-21,18,LA SALLE MONTEMOLIN,A FARTALLA,Fuera,2ªArg.M,2a-Mas-02(1).pdf
2027-03-21,18,LA SALLE MONTEMOLIN,EM EL OLIVAR,Fuera,1ª Mas A2,A2-Mas-01B(1).pdf
2027-03-21,17,LA SALLE MONTEMOLIN V,BASKET TARAZONA,Fuera,3ªArg.M.,3a-Mas-04.pdf
2027-04-04,19,LA SALLE MONTEMOLIN,STADIUM VENECIA,Casa,2ªArg.M,2a-Mas-02(1).pdf
2027-04-04,18,LA SALLE MONTEMOLIN F,OLD SCHOOL BALONCESTO,Fuera,3ªArg.M.,3a-Mas-01.pdf
2027-04-04,18,LA SALLE MONTEMOLIN V,LA MANON ANTIGUO BOSCOS,Casa,3ªArg.M.,3a-Mas-04.pdf
2027-04-11,20,LA SALLE MONTEMOLIN,POLIDEPORTIVO ANDORRA,Fuera,2ªArg.M,2a-Mas-02(1).pdf
2027-04-18,21,LA SALLE MONTEMOLIN,TERUEL BASKET MUDEJAR 2.0,Casa,2ªArg.M,2a-Mas-02(1).pdf
